# 单位:千元人民币;单一可报告分部·此为收入类型拆分(20-F Revenues注/MD&A);未披露Temu/主站或地理拆分;覆盖2016-2025;来源:一手申报印刷报表逐行转录(F-1/424B4 2018-07-26 + 20-F FY2018-FY2025·report/拼多多/)·SEC XBRL companyfacts 逐格独立核通过
科目,2016,2017,2018,2019,2020,2021,2022,2023,2024,2025
在线营销服务及其他 Online marketing services and others,,,11515575,26813641,47953779,72563402,102721924,153540553,197934192,217783028
交易服务(佣金) Transaction services,,,1604415,3328245,5787415,14140449,27626494,94098652,195901905,214062685
商品销售(1P自营) Merchandise sales,456588,3385,0,0,5750671,7246088,209171,0,0,0
平台服务(2016-17旧口径·营销+交易未拆分) Online marketplace services,48276,1740691,,,,,,,,
收益合计 Total revenues,504864,1744076,13119990,30141886,59491865,93949939,130557589,247639205,393836097,431845713
--- 销售成本拆分 ---,,,,,,,,,,
支付处理费 Payment processing fees,,,-639290,-341879,-1545564,-3108086,-3450929,-6824386,-11355177,-14319278
平台运营及其他成本 Costs of platform operation and others,,,-2265959,-5996899,-17733077,-28610007,-28011369,-84899191,-142545197,-174482475
销售成本合计 Total costs of revenues,-577870,-722830,-2905249,-6338778,-19278641,-31718093,-31462298,-91723577,-153900374,-188801753
